benchmark,mode,processes,bytes,metric,run1,run2,run3,avg_of_3runs
alltoallv,Enc,2,0,t_avg[usec],202.42,206.83,205.08,204.77666666666667
alltoallv,Enc,2,2,t_avg[usec],202.75,205.32,202.7,203.59
alltoallv,Enc,2,4,t_avg[usec],199.77,206.84,199.94,202.18333333333334
alltoallv,Enc,2,8,t_avg[usec],205.67,205.85,205.02,205.51333333333332
alltoallv,Enc,2,16,t_avg[usec],205.87,207.6,206.21,206.56
alltoallv,Enc,2,32,t_avg[usec],204.84,206.26,205.96,205.68666666666667
alltoallv,Enc,2,64,t_avg[usec],204.42,206.06,206.83,205.77
alltoallv,Enc,2,128,t_avg[usec],204.76,205.96,206.2,205.64
alltoallv,Enc,2,256,t_avg[usec],213.73,212.57,215.01,213.76999999999998
alltoallv,Enc,2,512,t_avg[usec],219.17,215.73,216.68,217.19333333333333
alltoallv,Enc,2,1024,t_avg[usec],233.9,231.25,235.27,233.47333333333333
alltoallv,Enc,2,2048,t_avg[usec],271.82,259.03,264.23,265.02666666666664
alltoallv,Enc,2,4096,t_avg[usec],279.36,268.26,271.15,272.92333333333335
alltoallv,Enc,2,8192,t_avg[usec],268.48,271.19,269.94,269.87
alltoallv,Enc,2,16384,t_avg[usec],397.73,395.57,399.45,397.5833333333333
alltoallv,Enc,2,32768,t_avg[usec],510.2,507.98,507.79,508.6566666666667
alltoallv,Enc,2,65536,t_avg[usec],1023.09,1019.3,1024.28,1022.2233333333334
alltoallv,Enc,2,131072,t_avg[usec],1756.92,1755.67,1775.26,1762.6166666666668
alltoallv,Enc,2,262144,t_avg[usec],3074.66,3073.09,3078.81,3075.52
alltoallv,Enc,2,524288,t_avg[usec],5753.82,5750.04,5757.65,5753.836666666666
alltoallv,Enc,2,1048576,t_avg[usec],11079.22,11076.2,11080.33,11078.583333333334
alltoallv,Enc,2,2097152,t_avg[usec],21903.23,21894.74,21894.07,21897.346666666668
alltoallv,Enc,2,4194304,t_avg[usec],43982.8,44005.51,44171.76,44053.35666666667
alltoallv,Enc,4,0,t_avg[usec],361.83,361.48,359.17,360.82666666666665
alltoallv,Enc,4,2,t_avg[usec],362.63,358.78,360.73,360.7133333333333
alltoallv,Enc,4,4,t_avg[usec],366.95,362.25,359.36,362.85333333333335
alltoallv,Enc,4,8,t_avg[usec],378.4,372.99,374.73,375.37333333333333
alltoallv,Enc,4,16,t_avg[usec],388.12,385.68,382.59,385.4633333333333
alltoallv,Enc,4,32,t_avg[usec],454.48,448.33,453.23,452.0133333333333
alltoallv,Enc,4,64,t_avg[usec],455.66,457.24,455.69,456.19666666666666
alltoallv,Enc,4,128,t_avg[usec],460.11,455.07,461.48,458.88666666666666
alltoallv,Enc,4,256,t_avg[usec],463.34,459.57,460.52,461.1433333333333
alltoallv,Enc,4,512,t_avg[usec],460.14,466.81,463.56,463.50333333333333
alltoallv,Enc,4,1024,t_avg[usec],464.9,470.53,464.81,466.74666666666667
alltoallv,Enc,4,2048,t_avg[usec],493.24,499.95,488.75,493.98
alltoallv,Enc,4,4096,t_avg[usec],570.44,555.95,560.69,562.36
alltoallv,Enc,4,8192,t_avg[usec],601.89,490.7,598.68,563.7566666666667
alltoallv,Enc,4,16384,t_avg[usec],656.1,786.85,654.29,699.08
alltoallv,Enc,4,32768,t_avg[usec],1004.9,1136.84,1006.64,1049.46
alltoallv,Enc,4,65536,t_avg[usec],2144.67,2191.39,2155.42,2163.826666666667
alltoallv,Enc,4,131072,t_avg[usec],4274.78,4246.75,4261.85,4261.126666666667
alltoallv,Enc,4,262144,t_avg[usec],7912.1,7880.69,7906.16,7899.65
alltoallv,Enc,4,524288,t_avg[usec],15144.69,15148.04,15207.66,15166.796666666667
alltoallv,Enc,4,1048576,t_avg[usec],29866.15,29878.98,29908.62,29884.583333333332
alltoallv,Enc,4,2097152,t_avg[usec],59643.43,59383.34,59568.89,59531.886666666665
alltoallv,Enc,4,4194304,t_avg[usec],119411.5,118999.49,119438.45,119283.14666666667
alltoallv,Enc,8,0,t_avg[usec],774.92,768.71,761.56,768.3966666666666
alltoallv,Enc,8,2,t_avg[usec],750.4,759.23,746.27,751.9666666666667
alltoallv,Enc,8,4,t_avg[usec],804.08,802.53,776.2,794.27
alltoallv,Enc,8,8,t_avg[usec],1127.21,1146.56,1118.98,1130.9166666666667
alltoallv,Enc,8,16,t_avg[usec],1117.95,1138.31,1131.59,1129.2833333333333
alltoallv,Enc,8,32,t_avg[usec],1144.33,1148.04,1135.82,1142.73
alltoallv,Enc,8,64,t_avg[usec],1138.62,1154.57,1131.69,1141.6266666666666
alltoallv,Enc,8,128,t_avg[usec],1137.19,1243.86,1137.42,1172.8233333333333
alltoallv,Enc,8,256,t_avg[usec],1247.58,1246.35,1127.9,1207.2766666666666
alltoallv,Enc,8,512,t_avg[usec],1320.02,1227.61,1024.37,1190.6666666666665
alltoallv,Enc,8,1024,t_avg[usec],1196.1,1174.51,1136.48,1169.03
alltoallv,Enc,8,2048,t_avg[usec],1247.94,1240.96,1187.21,1225.3700000000001
alltoallv,Enc,8,4096,t_avg[usec],1476.65,1361.69,1317.71,1385.3500000000001
alltoallv,Enc,8,8192,t_avg[usec],1208.03,1216.56,1209.38,1211.3233333333333
alltoallv,Enc,8,16384,t_avg[usec],2661.49,2587.72,2537.94,2595.7166666666667
alltoallv,Enc,8,32768,t_avg[usec],4319.84,4168.89,4147.69,4212.14
alltoallv,Enc,8,65536,t_avg[usec],9954.63,9987.61,10270.65,10070.963333333333
alltoallv,Enc,8,131072,t_avg[usec],20308.12,20692.51,20692.5,20564.376666666667
alltoallv,Enc,8,262144,t_avg[usec],41335.82,40806.38,41024.27,41055.49
alltoallv,Enc,8,524288,t_avg[usec],82358.12,81657.38,82995.49,82336.99666666667
alltoallv,Enc,8,1048576,t_avg[usec],168135.76,160699.45,162051.32,163628.84333333335
alltoallv,Enc,8,2097152,t_avg[usec],302510.76,299721.83,293913.57,298715.38666666666
alltoallv,Enc,8,4194304,t_avg[usec],589832.06,577376.2,584366.46,583858.24
alltoallv,Unenc,2,0,t_avg[usec],0.52,0.53,0.54,0.53
alltoallv,Unenc,2,2,t_avg[usec],113.25,107.27,97.24,105.92
alltoallv,Unenc,2,4,t_avg[usec],113.3,106.72,114.05,111.35666666666667
alltoallv,Unenc,2,8,t_avg[usec],113.54,99.89,105.99,106.47333333333333
alltoallv,Unenc,2,16,t_avg[usec],113.46,99.86,113.11,108.81
alltoallv,Unenc,2,32,t_avg[usec],112.81,106.53,113.44,110.92666666666666
alltoallv,Unenc,2,64,t_avg[usec],111.93,106.34,112.53,110.26666666666667
alltoallv,Unenc,2,128,t_avg[usec],108.81,105.47,100.36,104.88
alltoallv,Unenc,2,256,t_avg[usec],105.78,108.52,105.52,106.60666666666667
alltoallv,Unenc,2,512,t_avg[usec],128.44,110.65,130.96,123.35000000000001
alltoallv,Unenc,2,1024,t_avg[usec],130.31,126.11,125.83,127.41666666666667
alltoallv,Unenc,2,2048,t_avg[usec],164.24,158.2,156.05,159.49666666666667
alltoallv,Unenc,2,4096,t_avg[usec],172.47,165.5,172.32,170.09666666666666
alltoallv,Unenc,2,8192,t_avg[usec],200.87,201.89,199.35,200.70333333333332
alltoallv,Unenc,2,16384,t_avg[usec],278.65,281.83,279.32,279.93333333333334
alltoallv,Unenc,2,32768,t_avg[usec],423.59,425.8,422.69,424.02666666666664
alltoallv,Unenc,2,65536,t_avg[usec],1255.77,1269.73,1257.79,1261.0966666666666
alltoallv,Unenc,2,131072,t_avg[usec],1550.12,1849.69,1764.53,1721.4466666666667
alltoallv,Unenc,2,262144,t_avg[usec],2861.15,2800.36,2852.0,2837.8366666666666
alltoallv,Unenc,2,524288,t_avg[usec],5231.09,5251.77,5238.46,5240.4400000000005
alltoallv,Unenc,2,1048576,t_avg[usec],10096.35,10135.14,10137.42,10122.97
alltoallv,Unenc,2,2097152,t_avg[usec],19872.52,19905.51,19894.22,19890.75
alltoallv,Unenc,2,4194304,t_avg[usec],39507.99,39830.55,39458.18,39598.90666666667
alltoallv,Unenc,4,0,t_avg[usec],0.55,0.55,0.57,0.5566666666666666
alltoallv,Unenc,4,2,t_avg[usec],193.11,197.64,206.2,198.98333333333332
alltoallv,Unenc,4,4,t_avg[usec],194.21,198.9,203.91,199.00666666666666
alltoallv,Unenc,4,8,t_avg[usec],193.48,198.13,206.64,199.41666666666666
alltoallv,Unenc,4,16,t_avg[usec],193.49,200.16,204.17,199.27333333333334
alltoallv,Unenc,4,32,t_avg[usec],193.86,200.36,207.52,200.58
alltoallv,Unenc,4,64,t_avg[usec],194.87,197.8,206.08,199.58333333333334
alltoallv,Unenc,4,128,t_avg[usec],194.85,198.06,210.69,201.2
alltoallv,Unenc,4,256,t_avg[usec],195.25,202.61,216.73,204.86333333333334
alltoallv,Unenc,4,512,t_avg[usec],198.19,207.88,219.87,208.64666666666668
alltoallv,Unenc,4,1024,t_avg[usec],207.01,209.06,215.95,210.67333333333332
alltoallv,Unenc,4,2048,t_avg[usec],216.8,239.87,248.22,234.96333333333334
alltoallv,Unenc,4,4096,t_avg[usec],263.89,320.56,344.54,309.66333333333336
alltoallv,Unenc,4,8192,t_avg[usec],424.07,412.72,416.13,417.64
alltoallv,Unenc,4,16384,t_avg[usec],512.02,505.69,507.02,508.24333333333334
alltoallv,Unenc,4,32768,t_avg[usec],825.02,823.98,822.97,823.99
alltoallv,Unenc,4,65536,t_avg[usec],1848.71,1878.05,2177.9,1968.22
alltoallv,Unenc,4,131072,t_avg[usec],4205.02,4086.27,4361.1,4217.463333333333
alltoallv,Unenc,4,262144,t_avg[usec],8826.42,8358.57,9387.73,8857.573333333334
alltoallv,Unenc,4,524288,t_avg[usec],14041.79,14067.31,14024.63,14044.576666666666
alltoallv,Unenc,4,1048576,t_avg[usec],27567.77,27646.45,27556.99,27590.403333333335
alltoallv,Unenc,4,2097152,t_avg[usec],54873.34,55020.1,54696.46,54863.299999999996
alltoallv,Unenc,4,4194304,t_avg[usec],109643.61,110045.16,133865.18,117851.31666666667
alltoallv,Unenc,8,0,t_avg[usec],0.51,0.52,0.53,0.52
alltoallv,Unenc,8,2,t_avg[usec],342.69,346.42,349.38,346.16333333333336
alltoallv,Unenc,8,4,t_avg[usec],342.92,346.64,349.48,346.3466666666667
alltoallv,Unenc,8,8,t_avg[usec],343.36,346.8,349.43,346.53000000000003
alltoallv,Unenc,8,16,t_avg[usec],343.53,347.3,349.8,346.87666666666667
alltoallv,Unenc,8,32,t_avg[usec],343.52,347.81,349.74,347.0233333333333
alltoallv,Unenc,8,64,t_avg[usec],345.58,348.64,351.28,348.5
alltoallv,Unenc,8,128,t_avg[usec],347.49,352.2,353.48,351.0566666666667
alltoallv,Unenc,8,256,t_avg[usec],353.53,357.13,359.84,356.8333333333333
alltoallv,Unenc,8,512,t_avg[usec],359.31,362.6,366.67,362.86
alltoallv,Unenc,8,1024,t_avg[usec],369.96,372.68,381.91,374.85
alltoallv,Unenc,8,2048,t_avg[usec],409.09,418.91,424.74,417.58
alltoallv,Unenc,8,4096,t_avg[usec],536.56,537.23,554.71,542.8333333333334
alltoallv,Unenc,8,8192,t_avg[usec],894.63,885.55,894.01,891.3966666666666
alltoallv,Unenc,8,16384,t_avg[usec],1733.16,1708.86,1711.97,1717.9966666666667
alltoallv,Unenc,8,32768,t_avg[usec],3451.45,3469.48,3418.49,3446.4733333333334
alltoallv,Unenc,8,65536,t_avg[usec],9624.52,9486.07,10207.97,9772.853333333333
alltoallv,Unenc,8,131072,t_avg[usec],19709.25,20152.0,20531.1,20130.783333333333
alltoallv,Unenc,8,262144,t_avg[usec],39371.55,38647.76,40186.87,39402.060000000005
alltoallv,Unenc,8,524288,t_avg[usec],82744.85,83258.06,80851.66,82284.85666666667
alltoallv,Unenc,8,1048576,t_avg[usec],166619.59,162066.54,163046.43,163910.85333333333
alltoallv,Unenc,8,2097152,t_avg[usec],293844.49,287945.85,290784.09,290858.1433333333
alltoallv,Unenc,8,4194304,t_avg[usec],566217.32,558713.21,566789.65,563906.7266666667
